{"_timestamp":1.7404006995654645e+09,"ROC_AUC":0.43894904291456355,"Accuracy":0.6827712926934717,"_step":29,"F1_Score":0.07074248446448358,"Loss":1.1523500482241313,"_wandb":{"runtime":109},"server_round":30,"_runtime":109.2836465}