{"_runtime":20.4867309,"_timestamp":1.7403235722077641e+09,"f1_score":0.20267909143855561,"lr":8.751940159124984e-05,"loss":0.7230116372136087,"momentum":0.9690361239049342,"optimizer":"AdamW","_step":19,"accuracy":0.5560959792477302,"roc_auc":0.7640612925584955,"_wandb":{"runtime":20}}