{"F1_Score":0.12940603556966818,"_runtime":55.7261902,"_step":19,"server_round":20,"ROC_AUC":0.5662473479645457,"Loss":1.7097701629002888,"_wandb":{"runtime":55},"_timestamp":1.7404205121474621e+09,"Accuracy":0.4528210116731517}