{"loss":0.7900183490930768,"_timestamp":1.7403234792062824e+09,"momentum":0.7522695919438221,"lr":0.001295009349912173,"optimizer":"SGD","roc_auc":0.7728910549566294,"_wandb":{"runtime":18},"_step":19,"f1_score":0.2147239263803681,"_runtime":18.8654336,"accuracy":0.5849546044098574}