{"f1_score":0.2096177558569667,"_runtime":14.178294,"optimizer":"SGD","accuracy":0.5843060959792478,"_wandb":{"runtime":14},"loss":0.8517512721774394,"roc_auc":0.7570639004059265,"lr":0.00429770703072679,"_timestamp":1.7403236815691469e+09,"momentum":0.7112223940425103,"_step":19}