{"_runtime":0.8955834,"_step":7,"acc":0.9204590527972668,"_wandb":{"runtime":0},"loss":0.048001089976535176,"_timestamp":1.7394403258677857e+09}