{"optimizer":"AdamW","_timestamp":1.7403234580871525e+09,"lr":0.0014330644786945174,"momentum":0.8762263316088604,"loss":1.0181508244989763,"accuracy":0.5830090791180286,"_step":19,"_runtime":20.9265879,"f1_score":0.2148962148962149,"_wandb":{"runtime":20},"roc_auc":0.7615050229566582}