{"ROC_AUC":0.7516565230269369,"_step":49,"server_round":50,"F1_Score":0.20043262233333065,"_timestamp":1.7405579137479389e+09,"_runtime":39.3599167,"_wandb":{"runtime":39},"Loss":2.4715448220570884,"Accuracy":0.6748811067877216}