{"logloss_test":0.9081715145575399,"roc_auc_test":0.7592093571230791,"_step":20,"learning_rate":0.0030942574024516007,"accuracy_test":0.4905966277561608,"_runtime":22.7181273,"optimizer":"AdamW","f1_test":0.1838961038961039,"_timestamp":1.740561477783602e+09,"num_epochs":20,"best_params":{"num_epochs":22,"model":"LogisticRegressionModel","optimizer":"AdamW","learning_rate":0.007194008892020931},"model":"LogisticRegressionModel","_wandb":{"runtime":22}}