{"_step":49,"Accuracy":0.4951902291396454,"_timestamp":1.7405580402000775e+09,"_runtime":36.2232065,"server_round":50,"Loss":1.347395936648051,"_wandb":{"runtime":36},"F1_Score":0.11878430449344433,"ROC_AUC":0.5318202027038847}