{"optimizer":"AdamW","roc_auc":0.783898849542948,"f1_score":0.22459893048128343,"accuracy":0.6238651102464332,"_timestamp":1.7403236428398995e+09,"_runtime":29.3656439,"_step":19,"momentum":0.9851779323802774,"loss":0.7058350718648092,"lr":0.0003260042037744017,"_wandb":{"runtime":29}}