{"_wandb":{"runtime":22},"accuracy":0.6527237354085603,"loss":0.6861612970955921,"momentum":0.8112065951079034,"_step":19,"_timestamp":1.7403235047056415e+09,"_runtime":22.9086951,"f1_score":0.23005032350826743,"optimizer":"AdamW","roc_auc":0.7877563282376853,"lr":0.001894227803219213}