{"server_round":20,"F1_Score":0.11408431563605917,"_timestamp":1.7404205804416013e+09,"_step":19,"Accuracy":0.4793017725897103,"_runtime":45.6752142,"_wandb":{"runtime":45},"ROC_AUC":0.5195036584063718,"Loss":1.8005420565605164}