{"_wandb":{"runtime":12},"server_round":10,"Loss":1.905736267566681,"Accuracy":0.403264159100735,"F1_Score":0.11950542600658492,"_timestamp":1.7405587258801713e+09,"_runtime":11.9189011,"_step":9,"ROC_AUC":0.5193837625754891}