{"_wandb":{"runtime":43},"_runtime":43.954647800000004,"optimizer":"SGD","logloss_test":0.7525535784958948,"num_epochs":20,"f1_test":0.2183050847457627,"_step":20,"model":"LogisticRegressionModel","accuracy_test":0.6261348897535668,"best_params":{"num_epochs":21,"model":"LogisticRegressionModel","optimizer":"RMSProp","learning_rate":0.00893945590709991},"_timestamp":1.7405613813179257e+09,"learning_rate":0.00993791103895016,"roc_auc_test":0.7768163992160171}