{"Loss":1.2590962549050648,"F1_Score":0.15198692499096003,"_timestamp":1.7404219551197646e+09,"_wandb":{"runtime":40},"_runtime":40.1452534,"Accuracy":0.5407479463899697,"ROC_AUC":0.6305268961789575,"server_round":50,"_step":49}