{"_runtime":56.0986489,"roc_auc_test":0.7742700832303285,"_step":20,"logloss_test":1.0901508303277945,"_timestamp":1.7405613351554303e+09,"accuracy_test":0.5959792477302205,"f1_test":0.2222222222222222,"_wandb":{"runtime":56},"learning_rate":0.008881680494715579,"num_epochs":30,"optimizer":"AdamW","model":"LogisticRegressionModel","best_params":{"learning_rate":0.008881680494715579,"num_epochs":30,"model":"LogisticRegressionModel","optimizer":"AdamW"}}