{"ROC_AUC":0.5864114137211502,"_timestamp":1.7404027211500218e+09,"_wandb":{"runtime":49},"Accuracy":0.5116731517509727,"F1_Score":0.1319927155242673,"_step":19,"_runtime":49.7867699,"server_round":20,"Loss":1.2421203354994457}