{"ROC_AUC":0.7059781720214106,"F1_Score":0.17259722963439275,"_wandb":{"runtime":36},"_runtime":36.3596678,"server_round":50,"_timestamp":1.740422638722641e+09,"_step":49,"Accuracy":0.5412883700821444,"Loss":1.185835878054301}