{"_step":9,"_wandb":{"runtime":11},"F1_Score":0.10894059394960041,"_runtime":11.585416200000001,"server_round":10,"Loss":5.676108121871948,"Accuracy":0.14061824470384782,"ROC_AUC":0.419826638169162,"_timestamp":1.7405587659283082e+09}