{"Accuracy":0.47249243406830954,"server_round":50,"_timestamp":1.7404222221879935e+09,"_wandb":{"runtime":44},"_step":49,"ROC_AUC":0.5547364433256177,"_runtime":44.063605,"Loss":1.1971492966016133,"F1_Score":0.12529997532687123}