{"Accuracy":0.4061284046692607,"_timestamp":1.7404236038525639e+09,"Loss":1.5065979957580566,"_step":49,"server_round":50,"_runtime":36.1098755,"F1_Score":0.14381304564163472,"ROC_AUC":0.6207714474789904,"_wandb":{"runtime":36}}