{"server_round":50,"Loss":1.4416973789532979,"ROC_AUC":0.7184253198277843,"_wandb":{"runtime":44},"_runtime":44.0797382,"F1_Score":0.17336587536239184,"_timestamp":1.7404224330080433e+09,"_step":49,"Accuracy":0.5044314742758322}