{"_wandb":{"runtime":10},"momentum":0.7280787873335113,"_runtime":10.3809958,"lr":0.004358330560686179,"optimizer":"AdamW","f1_score":0.22343324250681199,"_step":19,"roc_auc":0.7602843476671438,"accuracy":0.7227626459143969,"_timestamp":1.740323709330854e+09,"loss":0.6638187009981057}