{"Accuracy":0.6712602680501513,"server_round":30,"_timestamp":1.7404021502007475e+09,"_wandb":{"runtime":31},"Loss":0.9567284186681112,"ROC_AUC":0.5128642948104258,"F1_Score":0.09972000782889794,"_runtime":30.8308584,"_step":29}