{"Accuracy":0.38499783830523127,"_wandb":{"runtime":11},"Loss":1.9361061851183574,"_runtime":11.8115269,"ROC_AUC":0.5040361913483168,"F1_Score":0.11526570745816114,"_timestamp":1.7405587458043685e+09,"server_round":10,"_step":9}