{"accaracy":0.6491569390402075,"_wandb":{"runtime":169},"roc_auc":0.7927077998345892,"_timestamp":1.740322040809927e+09,"loss":1.171144359120349,"_runtime":169.7941645,"lr":0.03820392682101723,"_step":19,"f1_score":0.23371104815864022,"optimizer":"AdamW"}