{"_runtime":12.557835,"server_round":10,"Accuracy":0.7876134889753565,"_wandb":{"runtime":12},"F1_Score":0.07826503699465731,"_timestamp":1.740558685550812e+09,"Loss":0.5674309680859247,"ROC_AUC":0.5098851473346326,"_step":9}