{"_runtime":15.9252738,"Accuracy":0.37483787289234755,"ROC_AUC":0.43162680092586725,"_timestamp":1.7405588143730335e+09,"Loss":1.703510344028473,"F1_Score":0.09973690355973192,"_wandb":{"runtime":16},"_step":9,"server_round":10}