{"roc_auc":0.7942804711860909,"_wandb":{"runtime":19},"_runtime":19.3523745,"loss":0.9711503952264616,"f1_score":0.23275261324041813,"_step":19,"momentum":0.5400229741157785,"optimizer":"AdamW","_timestamp":1.740323664797915e+09,"accuracy":0.6429961089494164,"lr":0.009282688619816487}