{"F1_Score":0.10708446217641308,"Accuracy":0.46627756160830086,"ROC_AUC":0.4787671270063323,"_step":19,"server_round":20,"_timestamp":1.7404023255622907e+09,"_runtime":36.1257918,"Loss":1.2628964185714722,"_wandb":{"runtime":36}}