{"_runtime":12.431016,"_step":9,"Loss":1.4926611979802449,"ROC_AUC":0.5311806074601447,"_wandb":{"runtime":12},"_timestamp":1.740558664089479e+09,"F1_Score":0.12077869507589757,"Accuracy":0.5110786856895806,"server_round":10}