{"Accuracy":0.6974167747514051,"server_round":50,"ROC_AUC":0.6434696134196463,"_runtime":39.2383404,"Loss":0.727326105038325,"F1_Score":0.15389963704086201,"_step":49,"_wandb":{"runtime":39},"_timestamp":1.7404211511795924e+09}