{"_runtime":280.5294716,"roc_auc":0.778570045406587,"_timestamp":1.7403229651787827e+09,"accaracy":0.6089494163424124,"lr":1.2005187662705694e-05,"_wandb":{"runtime":280},"f1_score":0.22791293213828426,"optimizer":"AdamW","_step":20,"accuracy":0.6682879377431906,"loss":0.7832814016817355}