{"_timestamp":1.740558706325018e+09,"_runtime":11.7288573,"Accuracy":0.8932663207955036,"F1_Score":0.08299038170631712,"_wandb":{"runtime":11},"server_round":10,"Loss":0.4422972649335861,"ROC_AUC":0.5769229029088085,"_step":9}