{"_wandb":{"runtime":37},"_timestamp":1.7404024739738626e+09,"_step":19,"Accuracy":0.5270752269779506,"server_round":20,"Loss":1.366040050983429,"_runtime":37.2290317,"F1_Score":0.13209053668606313,"ROC_AUC":0.6012689955715457}