{"_timestamp":1.7403236106524866e+09,"lr":0.0004362142985839204,"accuracy":0.606355382619974,"loss":0.6820102023804057,"_runtime":36.1944722,"_step":19,"_wandb":{"runtime":36},"f1_score":0.21979434447300772,"momentum":0.7236755794658176,"roc_auc":0.7745324967469773,"optimizer":"SGD"}