{"loss":1.0171412055313382,"roc_auc":0.7602427234541581,"_step":19,"f1_score":0.18702095043433828,"lr":0.0038378431626862127,"momentum":0.6623684523894068,"accuracy":0.48411154345006485,"_timestamp":1.7403236962554889e+09,"_runtime":12.2895334,"_wandb":{"runtime":12},"optimizer":"SGD"}