{"ROC_AUC":0.5967609123303587,"_runtime":32.0743623,"F1_Score":0.1395717920353132,"_timestamp":1.7404238247398884e+09,"server_round":50,"_step":49,"_wandb":{"runtime":32},"Loss":1.1063706874847412,"Accuracy":0.5361543450064851}