{"_runtime":38.1579539,"_wandb":{"runtime":38},"momentum":0.9898623059130593,"loss":0.7125531334157212,"accuracy":0.7282749675745784,"num_epochs":9,"best_params":{"optimizer":"SGD","lr":0.0006779274767952471,"num_epochs":5,"momentum":0.8217145481796597},"optimizer":"SGD","_timestamp":1.740559428836403e+09,"_step":20,"f1_score":0.2049335863377609,"lr":0.009084189968942988,"roc_auc":0.748263998856239}