{"optimizer":"SGD","_wandb":{"runtime":12},"num_epochs":5,"lr":0.00013901008173660271,"momentum":0.29199684506624046,"f1_score":0.11003236245954692,"_runtime":12.3105629,"loss":0.7699443340928495,"accuracy":0.19747081712062256,"roc_auc":0.42703365951031824,"_timestamp":1.740559516149634e+09,"_step":20,"best_params":{"optimizer":"SGD","lr":0.002613097273586225,"num_epochs":8,"momentum":0.2871272177508824}}