{"roc_auc_test":0.7292679748734534,"num_epochs":27,"_step":20,"f1_test":0.18848167539267016,"learning_rate":0.0001122800121757648,"_timestamp":1.740561423059227e+09,"_wandb":{"runtime":39},"_runtime":39.2042947,"optimizer":"SGD","logloss_test":0.6901851856757789,"accuracy_test":0.5476653696498055,"model":"MLPModel","best_params":{"optimizer":"SGD","learning_rate":0.007196390201784836,"num_epochs":30,"model":"MLPModel"}}