{"_step":19,"_wandb":{"runtime":244},"lr":0.0014795640756323023,"optimizer":"AdamW","roc_auc":0.8063333954680281,"_timestamp":1.740076772450169e+09,"_runtime":244.7571803}