{"_timestamp":1.7405586210326617e+09,"ROC_AUC":0.5274081869397698,"_step":9,"Accuracy":0.20309122351923906,"F1_Score":0.1224785885862824,"server_round":10,"Loss":3.2590444087982178,"_wandb":{"runtime":16},"_runtime":15.6628279}