{"Loss":1.3678959707419078,"server_round":50,"_timestamp":1.7404220847118056e+09,"_step":49,"F1_Score":0.12778694969917237,"_wandb":{"runtime":41},"ROC_AUC":0.5793132789081666,"Accuracy":0.5308041504539559,"_runtime":40.7907516}