{"server_round":10,"_timestamp":1.7405587879903657e+09,"_runtime":14.4639228,"_wandb":{"runtime":14},"_step":9,"Loss":4.340729991594951,"ROC_AUC":0.4039978246824344,"Accuracy":0.20011889321227844,"F1_Score":0.10407146197438336}