{"_step":49,"Loss":1.1701245307922363,"Accuracy":0.5201037613488975,"_timestamp":1.740421526692572e+09,"_runtime":44.8696211,"server_round":50,"_wandb":{"runtime":45},"ROC_AUC":0.6603627097724604,"F1_Score":0.15900130092054984}