{"server_round":50,"_wandb":{"runtime":107},"ROC_AUC":0.5862987568838304,"_step":49,"F1_Score":0.13088738022243504,"_timestamp":1.7405576206936173e+09,"Accuracy":0.5730112408127972,"_runtime":107.6524849,"Loss":1.2833145558834076}