{"_wandb":{"runtime":41},"Accuracy":0.3873216601815823,"_timestamp":1.7404213441949043e+09,"_step":49,"server_round":50,"_runtime":40.9543954,"ROC_AUC":0.5616257030118436,"Loss":1.7066392699877422,"F1_Score":0.12403901271742684}