{"ROC_AUC":0.47032872269768333,"_timestamp":1.7404011544336195e+09,"_step":29,"_runtime":25.2591355,"Loss":3.1989651719729104,"_wandb":{"runtime":25},"server_round":30,"Accuracy":0.3397103329009944,"F1_Score":0.10610371392470548}