{"F1_Score":0.08443869148249733,"_timestamp":1.7404209919640045e+09,"_runtime":48.5119602,"Accuracy":0.578901859057501,"ROC_AUC":0.496484111314004,"server_round":50,"_step":49,"_wandb":{"runtime":48},"Loss":1.4829676349957783}