{"server_round":30,"_runtime":30.2872087,"ROC_AUC":0.42878353539174113,"Loss":3.490333378314972,"_timestamp":1.7404008685453675e+09,"F1_Score":0.1044770669715096,"_wandb":{"runtime":30},"_step":29,"Accuracy":0.2215737137916126}