{"_wandb":{"runtime":24},"Accuracy":0.1574254215304799,"_runtime":24.3633667,"_step":29,"_timestamp":1.7404010362534807e+09,"ROC_AUC":0.6260525949077299,"Loss":3.957895278930664,"server_round":30,"F1_Score":0.1251624940156143}