{"_runtime":25.7132644,"Accuracy":0.11543450064850841,"server_round":30,"_wandb":{"runtime":25},"F1_Score":0.1054554617186017,"Loss":5.8227096398671465,"ROC_AUC":0.3410282326781441,"_timestamp":1.7404013084434745e+09,"_step":29}