{"num_epochs":26,"model":"LogisticRegressionModel","optimizer":"SGD","f1_test":0.11911443716869348,"_wandb":{"runtime":16},"learning_rate":0.0006773356503316678,"roc_auc_test":0.6316890562705069,"best_params":{"learning_rate":0.0021942798593300793,"num_epochs":19,"model":"LogisticRegressionModel","optimizer":"SGD"},"accuracy_test":0.08398184176394292,"_step":20,"logloss_test":0.9029484972167232,"_runtime":16.9020049,"_timestamp":1.7405614969643328e+09}