{"Loss":4.1630014181137085,"_wandb":{"runtime":12},"F1_Score":0.1214488944653366,"server_round":10,"Accuracy":0.12764807609165585,"_timestamp":1.7405586437477431e+09,"_runtime":12.7741389,"ROC_AUC":0.5872478191023768,"_step":9}