{"f1_test":0.14869281045751634,"logloss_test":1.1598074985175693,"num_epochs":24,"accuracy_test":0.324254215304799,"_timestamp":1.740561452757533e+09,"best_params":{"learning_rate":0.004310947072687491,"num_epochs":29,"model":"LogisticRegressionModel","optimizer":"RMSProp"},"_wandb":{"runtime":27},"_runtime":27.3598382,"optimizer":"RMSProp","roc_auc_test":0.7081273990477104,"_step":20,"model":"LogisticRegressionModel","learning_rate":0.0037438810607945865}