{"_wandb":{"runtime":32},"_timestamp":1.74040286206114e+09,"ROC_AUC":0.4308066832801568,"_runtime":32.398066,"Loss":1.2819462915261586,"Accuracy":0.49286640726329434,"F1_Score":0.08988574990263501,"_step":19,"server_round":20}