{"_timestamp":1.7405578118988676e+09,"_runtime":40.5855867,"ROC_AUC":0.7461802243967354,"Accuracy":0.5632295719844358,"Loss":1.3933292229970295,"_step":49,"F1_Score":0.19535233023071588,"server_round":50,"_wandb":{"runtime":40}}