{"f1_score":0.20099255583126552,"accuracy":0.582360570687419,"_step":19,"_runtime":19.1459637,"momentum":0.5081275946210058,"loss":0.7066649245650545,"optimizer":"AdamW","_timestamp":1.7403235490807528e+09,"_wandb":{"runtime":19},"lr":0.00010697649796334027,"roc_auc":0.7508736560356014}