{"_timestamp":1.7403235272968364e+09,"lr":0.003925289101052881,"roc_auc":0.7720621901936974,"_step":19,"_runtime":19.9444995,"momentum":0.5046023335811459,"optimizer":"SGD","accuracy":0.627431906614786,"_wandb":{"runtime":19},"f1_score":0.22207176709546378,"loss":0.7081639486064787}