{"Accuracy":0.5603112840466926,"server_round":50,"Loss":1.1099032859007518,"F1_Score":0.1593920498415215,"ROC_AUC":0.6545875010330646,"_wandb":{"runtime":38},"_step":49,"_timestamp":1.7404239262778068e+09,"_runtime":37.8910038}